{
    "audio_file": "tmp1f98t1r6.wav",
    "instrument_prediction": {
        "instrument": "reed",
        "confidence": 1.0
    },
    "condition_prediction": "Aged",
    "instrument_summary": {
        "flute": 0.39254748821258545,
        "guitar": 0.18884630501270294,
        "reed": 0.3390690088272095
    },
    "segments": [
        {
            "start": 0.0,
            "end": 2.0,
            "predictions": {
                "brass": 0.00013025672524236143,
                "flute": 0.0011531893396750093,
                "guitar": 3.4367643820587546e-05,
                "keyboard": 2.895520083256997e-05,
                "mallet": 3.4777629664972665e-09,
                "reed": 0.9986530542373657,
                "string": 3.1442429104799885e-08,
                "vocal": 6.744865288510482e-08
            }
        },
        {
            "start": 1.0,
            "end": 3.0,
            "predictions": {
                "brass": 0.08054634183645248,
                "flute": 0.17891478538513184,
                "guitar": 0.5665045380592346,
                "keyboard": 0.052649933844804764,
                "mallet": 0.0001595221838215366,
                "reed": 0.018553951755166054,
                "string": 0.026013972237706184,
                "vocal": 0.07661131769418716
            }
        },
        {
            "start": 2.0,
            "end": 4.0,
            "predictions": {
                "brass": 7.290828531181237e-12,
                "flute": 0.997574508190155,
                "guitar": 1.6624199239423376e-10,
                "keyboard": 1.1267638298090299e-12,
                "mallet": 9.968572634022621e-09,
                "reed": 3.9894484160640786e-08,
                "string": 7.688502612346326e-11,
                "vocal": 0.002425114158540964
            }
        }
    ]
}