{
    "audio_file": "tmp3iluzoro.wav",
    "instrument_prediction": {
        "instrument": "flute",
        "confidence": 1.0
    },
    "condition_prediction": "Aged",
    "instrument_summary": {
        "flute": 0.32456183433532715,
        "guitar": 0.6659542322158813
    },
    "segments": [
        {
            "start": 0.0,
            "end": 2.0,
            "predictions": {
                "brass": 1.847334958615665e-11,
                "flute": 0.0001257347030332312,
                "guitar": 0.9998714923858643,
                "keyboard": 2.0607580919485002e-10,
                "mallet": 9.299486636478449e-14,
                "reed": 5.5333092200250764e-15,
                "string": 5.38617994649826e-09,
                "vocal": 2.8012443635816453e-06
            }
        },
        {
            "start": 1.0,
            "end": 3.0,
            "predictions": {
                "brass": 1.9010754082060544e-10,
                "flute": 0.0019715563394129276,
                "guitar": 0.9979909658432007,
                "keyboard": 1.1272365263437223e-08,
                "mallet": 5.367010140347808e-14,
                "reed": 1.7664881059656357e-12,
                "string": 1.6098568034195182e-09,
                "vocal": 3.741102773346938e-05
            }
        },
        {
            "start": 2.0,
            "end": 4.0,
            "predictions": {
                "brass": 3.047207668485652e-12,
                "flute": 0.9715881943702698,
                "guitar": 2.5161102712445427e-07,
                "keyboard": 1.2533731864883269e-11,
                "mallet": 6.635737292981503e-08,
                "reed": 8.717454709483707e-12,
                "string": 9.95735547348886e-08,
                "vocal": 0.027216114103794098
            }
        }
    ]
}