{
    "audio_file": "tmpzvuqlmjm.wav",
    "instrument_prediction": {
        "instrument": "flute",
        "confidence": 0.9999
    },
    "condition_prediction": "Aged",
    "instrument_summary": {
        "brass": 0.5419835448265076,
        "flute": 0.21224205195903778,
        "reed": 0.12431389838457108,
        "vocal": 0.11612262576818466
    },
    "segments": [
        {
            "start": 0.0,
            "end": 2.0,
            "predictions": {
                "brass": 1.8604155229695607e-06,
                "flute": 0.6356514096260071,
                "guitar": 3.228568630220252e-06,
                "keyboard": 1.2770716466548038e-06,
                "mallet": 7.517245421695407e-07,
                "reed": 1.630572228350502e-07,
                "string": 0.00161230587400496,
                "vocal": 0.3483678698539734
            }
        },
        {
            "start": 1.0,
            "end": 3.0,
            "predictions": {
                "brass": 0.6434942483901978,
                "flute": 3.051368619583217e-12,
                "guitar": 1.7609459285753506e-18,
                "keyboard": 3.930188174905425e-09,
                "mallet": 3.713689961085576e-16,
                "reed": 0.35650572180747986,
                "string": 5.968995016005429e-15,
                "vocal": 9.659894357163818e-21
            }
        },
        {
            "start": 2.0,
            "end": 4.0,
            "predictions": {
                "brass": 0.9824545979499817,
                "flute": 0.0010747377527877688,
                "guitar": 3.162642769893864e-08,
                "keyboard": 3.390392521396279e-05,
                "mallet": 3.40397310338858e-09,
                "reed": 0.016435829922556877,
                "string": 9.635283504394465e-07,
                "vocal": 7.090495413031306e-10
            }
        }
    ]
}